Order_ID,Date,Region,Product,Category,Sales,Quantity,Profit
1001,2026-01-05,North,Laptop,Electronics,1200,2,240
1002,2026-01-08,South,Monitor,Electronics,450,3,90
1003,2026-01-12,East,Keyboard,Accessories,180,6,54
1004,2026-01-15,West,Laptop,Electronics,2400,4,480
1005,2026-01-19,North,Mouse,Accessories,150,10,45
1006,2026-01-23,South,Monitor,Electronics,750,5,150
1007,2026-02-02,East,Laptop,Electronics,1800,3,360
1008,2026-02-07,West,Keyboard,Accessories,240,8,72
1009,2026-02-11,North,Monitor,Electronics,600,4,120
1010,2026-02-16,South,Mouse,Accessories,210,14,63
1011,2026-02-21,East,Laptop,Electronics,3000,5,600
1012,2026-02-25,West,Monitor,Electronics,900,6,180
1013,2026-03-03,North,Keyboard,Accessories,300,10,90
1014,2026-03-08,South,Laptop,Electronics,2400,4,480
1015,2026-03-14,East,Mouse,Accessories,180,12,54
1016,2026-03-20,West,Laptop,Electronics,3600,6,720
1017,2026-03-25,North,Monitor,Electronics,1050,7,210
1018,2026-03-29,South,Keyboard,Accessories,270,9,81
